    <SCENE>

        <!-- Initial values -->
        <INITIALS>
            <frustum near="0.1" far="500"/>                 
            <translation x="-1" y="-1" z="0" />               
            <rotation axis="x" angle="0" />                
            <rotation axis="y" angle="0" />                
            <rotation axis="z" angle="0" />                
            <scale sx="0.7" sy="0.7" sz="0.7" />         
            <reference length="5" />                        
        </INITIALS>

        <!-- Illumination and clear colour -->
        <ILLUMINATION>
            <ambient r="0.2" g="0.2" b="0.2" a="1" />       
            <background r="0.1" g="0.1" b="0.2" a="1" />          
        </ILLUMINATION>


        <!-- Lights -->
        <LIGHTS>	
           <LIGHT id="light0">
                <enable value ="1" />                              
                <position  x="0" y="20" z="0" w="0" />             
                <ambient r="1.0" g="1.0" b="1.0" a="1.0" />          
                <diffuse r="0.75" g="0.75" b="0.35" a="1.0" />
                <specular r="0.75" g="0.75" b="0.75" a="1.0" />
            </LIGHT>
            <LIGHT id="light1">
                <enable value ="1" />                   	       
                <position  x="20" y="20" z="10" w="0" />       	   
                <ambient r="1.0" g="1.0" b="1.0" a="1.0" />        	 
                <diffuse r="0.75" g="0.75" b="0.75" a="1.0" />
                <specular r="0.1" g="0.1" b="0.1" a="1.0" />
            </LIGHT>

        </LIGHTS>

    <!-- Textures -->
    <TEXTURES>
        <!-- Board -->
        <TEXTURE id="board">
            <file path="images/board.jpg" />               
            <amplif_factor s="5" t="4" />                           
        </TEXTURE>

        <TEXTURE id="humVhum">
            <file path="images/wood_humvshum.jpg" />               
            <amplif_factor s="5" t="4" />                           
        </TEXTURE>

        <TEXTURE id="humVcom">
            <file path="images/wood_humvscom.jpg" />               
            <amplif_factor s="5" t="4" />                           
        </TEXTURE>

        <TEXTURE id="comVcom">
            <file path="images/wood_comvscom.jpg" />               
            <amplif_factor s="5" t="4" />                           
        </TEXTURE>

        <TEXTURE id="latrunculli">
            <file path="images/wood_latrunculli.jpg" />               
            <amplif_factor s="5" t="4" />                           
        </TEXTURE>

        <TEXTURE id="facil">
            <file path="images/wood_facil.jpg" />               
            <amplif_factor s="5" t="4" />                           
        </TEXTURE>

        <TEXTURE id="dificil">
            <file path="images/wood_dificil.jpg" />               
            <amplif_factor s="5" t="4" />                           
        </TEXTURE>

        <!-- Marble Kitchen Table -->
        <TEXTURE id="marble">
            <file path="images/marble.jpg" />               
            <amplif_factor s="2" t="2" />                           
        </TEXTURE>

        <!-- For metal surfaces -->
        <TEXTURE id="polished_metal">
            <file path="images/polished_metal.jpg" />               
            <amplif_factor s="2" t="2" />                           
        </TEXTURE>

        <!-- Lamp -->
        <TEXTURE id="lamp_white">
            <file path="images/lamp.jpg" />               
            <amplif_factor s="10" t="10" />                           
        </TEXTURE>

        <!-- Tree leaves -->
        <TEXTURE id="folhas">
            <file path="images/leaves.jpg" />                
            <amplif_factor s="3" t="4" />                           
        </TEXTURE>

        <!-- Rocks -->
        <TEXTURE id="rocks">
            <file path="images/rocks.jpg" />                
            <amplif_factor s="1" t="1" />                           
        </TEXTURE>


        <TEXTURE id="redWood">
            <file path="images/red_wood.jpg" />                
            <amplif_factor s="1" t="1" />                           
        </TEXTURE>

        <!-- Glass work -->
        <TEXTURE id="vidral">
            <file path="images/vidral.jpg" />               
            <amplif_factor s="15" t="10" />                           
        </TEXTURE>

        <!-- Street bench -->
        <TEXTURE id="banco">
            <file path="images/bank.jpg" />                
            <amplif_factor s="1" t="1" />                           
        </TEXTURE>

        <!-- Tree trunk -->
        <TEXTURE id="trunk">
            <file path="images/trunk-image.jpg" />               
            <amplif_factor s="2" t="2" />                           
        </TEXTURE>

        <!-- Grass -->
        <TEXTURE id="grass">
            <file path="images/grass.png" />               
            <amplif_factor s="1" t="1" />                           
        </TEXTURE>
        
    </TEXTURES>

<MATERIALS>
	<!-- Pyramid material -->
    <MATERIAL id="piramideMaterial">                                  
        <shininess value="1" />
        <specular r="0" g="0" b="0" a="1" />        
        <diffuse r="1.0" g="0.68" b="0.4" a="1" />        
        <ambient r="0.2" g="0.2" b="0.2" a="1" />         
        <emission r="0.0" g="0.0" b="0.0" a="1" />        
    </MATERIAL>

    <!-- SteelMaterial material -->
    <MATERIAL id="steelMaterial">                    
        <shininess value="1" />
        <specular r="1" g="1" b="1" a="1" />        
        <diffuse r=".5" g=".5" b=".5" a="1" />        
        <ambient r="0.1" g="0.1" b="0.1" a="1" />         
        <emission r="0.3" g="0.3" b="0.3" a="1" />        
    </MATERIAL>

    <!-- Light bulb material -->
    <MATERIAL id="lightMaterial">                                  
        <shininess value="100" />
        <specular r="0.5" g="0.5" b="0.5" a="1" />       
        <diffuse r="0.5" g="0.5" b="0.5" a="1" />       
        <ambient r="0.0" g="0.0" b="0.0" a="1" />        
        <emission r="0.0" g="0.0" b="0.0" a="1" />        
    </MATERIAL>

    <!-- Tree leaves material -->
    <MATERIAL id="leavesTreeMaterial">                                  
        <shininess value="1" />
        <specular r="0.2" g="0.2" b="0.2" a="1" />        
        <diffuse r="0.0" g="0.207" b="0.0" a="1" />       
        <ambient r="0.1" g="0.1" b="0.1" a="1" />         
        <emission r="0.0" g="0.0" b="0.0" a="1" />        
    </MATERIAL>

    <!-- Tree trunk material -->
    <MATERIAL id="trunkTreeMaterial">                                  
        <shininess value="1" />
        <specular r="0.0" g="0.0" b="0.0" a="1" />        
        <diffuse r="0.6" g="0.298" b="0.0" a="1" />      
        <ambient r="0.0" g="0.0" b="0.0" a="1" />         
        <emission r="0.0" g="0.0" b="0.0" a="1" />       
    </MATERIAL>

    <!-- Lamp Material -->
    <MATERIAL id="lampMaterial">                                  
        <shininess value="100" />
        <specular r="0.5" g="0.5" b="0.5" a="1" />       
        <diffuse r="0.5" g="0.5" b="0.5" a="1" />       
        <ambient r="0.0" g="0.0" b="0.0" a="1" />        
        <emission r="1" g="1" b="1" a="1" />        
    </MATERIAL>

    <!-- A default material -->
    <MATERIAL id="defaultMaterial">                                  
        <shininess value="1" />
        <specular r="0.0" g="0.0" b="0.0" a="1" />        
        <diffuse r="0.4" g="0.4" b="0.4" a="1" />       
        <ambient r="0.4" g="0.4" b="0.4" a="1" />         
        <emission r="0.0" g="0.0" b="0.0" a="1" />        
    </MATERIAL>

    <!-- Red Wood material -->
    <MATERIAL id="redWoodMaterial">                                  
        <shininess value="1" />
        <specular r="0.0" g="0.0" b="0.0" a="1" />        
        <diffuse r="0.8" g="0.4" b="0.4" a="1" />       
        <ambient r="0.1" g="0.1" b="0.1" a="1" />         
        <emission r="0.0" g="0.0" b="0.0" a="1" />        
    </MATERIAL>

</MATERIALS>

<ANIMATIONS>
</ANIMATIONS>


<!-- The leaves -->
<LEAVES>
</LEAVES>


<!-- The nodes -->
<NODES>

    <ROOT id="root" />    

    <!-- The root node -->
    <NODE id="root" pickable="false">       
        <MATERIAL id="defaultMaterial" />         
        <TEXTURE id="null" />  

        <DESCENDANTS>    
            <NODEREF id="boards" />
            <NODEREF id="dynamic_elements" />
            <NODEREF id="scene" />
        </DESCENDANTS>
    </NODE>

    <NODE id="boards" pickable="false">
        <MATERIAL id="null" />         
        <TEXTURE id="null" />

        <TRANSLATION x="0" y="5" z="0.5" />

        <DESCENDANTS>
            <NODEREF id="gameboard"/>
            <NODEREF id="boardAuxWhite"/>
            <NODEREF id="boardAuxRed"/>
            <NODEREF id="scoreBoard" />
        </DESCENDANTS>
    </NODE>

    <NODE id="gameboard" pickable="false">
        <MATERIAL id="null"/>
        <TEXTURE id="null"/>

        <SCALE sx="0.1" sy="0.1" sz="0.1" />

        <DESCENDANTS>
            <NODEREF id="board" />
        </DESCENDANTS>
    </NODE>

    <NODE id="boardAuxWhite" pickable="false">
        <MATERIAL id="null"/>
        <TEXTURE id="marble"/>

        <TRANSLATION x="0.5" y="0" z="5" />
        <SCALE sx="0.1" sy="0.1" sz="0.1" />
        <SCALE sx="8" sy="0.5" sz="4" />

        <DESCENDANTS>
            <NODEREF id="cubo" />
        </DESCENDANTS>
    </NODE>

    <NODE id="boardAuxRed" pickable="false">
        <MATERIAL id="null"/>
        <TEXTURE id="marble"/>

        <TRANSLATION x="0.5" y="0" z="-6" />
        <SCALE sx="0.8" sy="0.05" sz="0.4" />

        <DESCENDANTS>
            <NODEREF id="cubo" />
        </DESCENDANTS>
    </NODE>

    <NODE id="scoreBoard" pickable="false">
        <MATERIAL id="null"/>
        <TEXTURE id="clear"/>

        <TRANSLATION x="-6" y="2" z="-1" />
        <ROTATION axis="z" angle="90" />
        <SCALE sx="0.8" sy="0.05" sz="1.5" />

        <DESCENDANTS>
            <NODEREF id="cubo" />
        </DESCENDANTS>
    </NODE>

    <NODE id="board" pickable="false">
        <MATERIAL id="null" />         
        <TEXTURE id="null" />

        <ROTATION axis="x" angle="90" />
        <SCALE sx="20" sy="16" sz="0.5" />

        <DESCENDANTS>
            <NODEREF id="cubo_board" />
        </DESCENDANTS>
    </NODE>

    <NODE id="pawn" pickable="false">
        <MATERIAL id="null"/>
        <TEXTURE id="null"/>

        <SCALE sx="0.2" sy="0.2" sz="0.2" />

        <DESCENDANTS>
            <LEAF type="pawn_primitive"/>
        </DESCENDANTS>
    </NODE>

    <NODE id="king" pickable="false">
        <MATERIAL id="null"/>
        <TEXTURE id="null"/>

        <SCALE sx="0.25" sy="0.25" sz="0.25" />

        <DESCENDANTS>
            <LEAF type="king_primitive" />
        </DESCENDANTS>
    </NODE>

    <NODE id="dynamic_elements" pickable="false">
        <MATERIAL id="defaultMaterial" />    
        <TEXTURE id="null" />

        <TRANSLATION x="-38" y="3" z="-16" />
        <ROTATION axis="y" angle="90" />

        <DESCENDANTS>
            <NODEREF id="label" />
            <NODEREF id="facil" />
            <NODEREF id="dificil" />
            <NODEREF id="humano_humano" />
            <NODEREF id="humano_maquina" />
            <NODEREF id="maquina_maquina" />
        </DESCENDANTS>
    </NODE>

    <NODE id="label" pickable="false">
        <MATERIAL id="defaultMaterial" />    
        <TEXTURE id="latrunculli" />

        <TRANSLATION x="0" y="2" z="-1" />
        <ROTATION axis="x" angle="-90" />
        <SCALE sx="2" sy="0.1" sz="0.5" />

        <DESCENDANTS>
            <NODEREF id="cubo" />
        </DESCENDANTS>
    </NODE>

    <NODE id="facil" pickable="true">
        <MATERIAL id="defaultMaterial" />    
        <TEXTURE id="facil" />

        <TRANSLATION x="-45" y="2" z="-16" />
        <ROTATION axis="y" angle="90" />
        <TRANSLATION x="-1" y="-1" z="6.5" />
        <SCALE sx="0.35" sy="0.1" sz="0.01" />

        <DESCENDANTS>
            <NODEREF id="cubo" />
        </DESCENDANTS>
    </NODE>

    <NODE id="dificil" pickable="true">
        <MATERIAL id="defaultMaterial" />    
        <TEXTURE id="dificil" />

        <TRANSLATION x="-45" y="2" z="-16" />
        <ROTATION axis="y" angle="90" />
        <TRANSLATION x="1" y="-1" z="6.5" />
        <SCALE sx="0.35" sy="0.1" sz="0.01" />

        <DESCENDANTS>
            <NODEREF id="cubo" />
        </DESCENDANTS>
    </NODE>

    <NODE id="humano_humano" pickable="true">
        <MATERIAL id="defaultMaterial" />    
        <TEXTURE id="humVhum" />

        <TRANSLATION x="-45" y="2" z="-16" />
        <ROTATION axis="y" angle="90" />
        <TRANSLATION x="0" y="1.3" z="6.5" />
        <SCALE sx="0.5" sy="0.15" sz="0.01" />

        <DESCENDANTS>
            <NODEREF id="cubo" />
        </DESCENDANTS>
    </NODE>

    <NODE id="humano_maquina" pickable="true">
        <MATERIAL id="defaultMaterial" />    
        <TEXTURE id="humVcom" />

        <TRANSLATION x="-45" y="2" z="-16" />
        <ROTATION axis="y" angle="90" />
        <TRANSLATION x="0" y="0.5" z="6.5" />
        <SCALE sx="0.5" sy="0.15" sz="0.01" />

        <DESCENDANTS>
            <NODEREF id="cubo" />
        </DESCENDANTS>
    </NODE>

    <NODE id="maquina_maquina" pickable="true">
        <MATERIAL id="defaultMaterial" />    
        <TEXTURE id="comVcom" />

        <TRANSLATION x="-45" y="2" z="-16" />
        <ROTATION axis="y" angle="90" />
        <TRANSLATION x="0" y="-0.3" z="6.5" />
        <SCALE sx="0.5" sy="0.15" sz="0.01" />

        <DESCENDANTS>
            <NODEREF id="cubo" />
        </DESCENDANTS>
    </NODE>

    <NODE id="scene" pickable="false"> 
        <MATERIAL id="null" />    
        <TEXTURE id="null" />

        <DESCENDANTS>
            <NODEREF id="chao" />
            <NODEREF id="mesa" />
            <NODEREF id="bancos" />
            <NODEREF id="arvores" />
        </DESCENDANTS>
    </NODE>


    <!-- Kitchen Table -->
    <NODE id="mesa" pickable="false">
        <MATERIAL id="null" />    
        <TEXTURE id="null" />

        <TRANSLATION x="0" y="0" z="0" />
        <SCALE sx="2" sy=".7" sz="3" />

        <DESCENDANTS>
            <NODEREF id="mesa_baixo" />           
            <NODEREF id="tampo" />           
        </DESCENDANTS>
    </NODE>

    <NODE id="mesa_baixo" pickable="false">
        <MATERIAL id="null" />    
        <TEXTURE id="marble" />   

        <TRANSLATION x="0" y="4.5" z="0" />
        <SCALE sx=".9" sy="1.5" sz=".9" />

        <DESCENDANTS>
            <NODEREF id="cubo" />          
        </DESCENDANTS>
    </NODE>

    <NODE id="tampo" pickable="false">
        <MATERIAL id="steelMaterial" />    
        <TEXTURE id="polished_metal" />                  

        <TRANSLATION x="0" y="7" z="0" />
        <SCALE sx="1.2" sy="0.1" sz="1.2" />

        <DESCENDANTS>
            <NODEREF id="cubo" />           
        </DESCENDANTS>
    </NODE>

    <!-- Bars -->
    <NODE id="arvores" pickable="false">
        <MATERIAL id="null" />    
        <TEXTURE id="null" />     

        <SCALE sx="2" sy="2" sz="2" />   
        <TRANSLATION x="-20" y="0" z="0" />          

        <DESCENDANTS>
            <NODEREF id="arvore1" />
            <NODEREF id="arvore2" />
            <NODEREF id="arvore3" />
            <NODEREF id="arvore4" />
        </DESCENDANTS>
    </NODE>

    <!-- One tree -->
    <NODE id="arvore1" pickable="false">       
        <MATERIAL id="null" />    
        <TEXTURE id="null" />                   

        <TRANSLATION x="-2" y="0" z="0" />

        <DESCENDANTS>
            <NODEREF id="arvore" />             
        </DESCENDANTS>

    </NODE>

    <!-- Another tree -->
    <NODE id="arvore2" pickable="false">       
        <MATERIAL id="null" />     
        <TEXTURE id="null" />                   

        <TRANSLATION x="26" y="0" z="5" />

        <DESCENDANTS>
            <NODEREF id="arvore" />             
        </DESCENDANTS>
    </NODE>

    <!-- Another tree -->
    <NODE id="arvore3" pickable="false">       
        <MATERIAL id="null" />     
        <TEXTURE id="null" />                   

        <TRANSLATION x="30" y="0" z="-10" />

        <DESCENDANTS>
            <NODEREF id="arvore" />             
        </DESCENDANTS>
    </NODE>

    <!-- Another tree -->
    <NODE id="arvore4" pickable="false">       
        <MATERIAL id="null" />     
        <TEXTURE id="null" />                   

        <TRANSLATION x="-6" y="0" z="-14" />

        <DESCENDANTS>
            <NODEREF id="arvore" />             
        </DESCENDANTS>
    </NODE>

    <!-- Generic tree -->
    <NODE id="arvore" pickable="false">       
        <MATERIAL id="null" />    
        <TEXTURE id="null" />                   

        <DESCENDANTS>
            <NODEREF id="troncoArvore" />
            <NODEREF id="folhasArvore" />           
        </DESCENDANTS>

    </NODE>

    <!-- Tree trunk -->
    <NODE id="troncoArvore" pickable="false">       
        <MATERIAL id="trunkTreeMaterial" />     
        <TEXTURE id="trunk" />                  

        <TRANSLATION x="5" y="6" z="-4" />
        <ROTATION axis="x" angle="90" />

        <DESCENDANTS>
            <LEAF id="cylinder1" type="cylinder" args="4 1 1 20 20 1 1" /> 
        </DESCENDANTS>

    </NODE>

    <!-- Tree leaves -->
     <NODE id="folhasArvore" pickable="false">       
        <MATERIAL id="leavesTreeMaterial" />     
        <TEXTURE id="folhas" /> 

        <TRANSLATION x="5" y="6" z="6" />                

        <DESCENDANTS>
            <NODEREF id="faceCubo1" />
            <NODEREF id="faceCubo2" />
            <NODEREF id="faceCubo3" />
            <NODEREF id="faceCubo4" />
            <NODEREF id="faceCubo5" />
            <NODEREF id="faceCubo6" />      
        </DESCENDANTS>
    </NODE>

    <!-- The top floor -->
    <NODE id="chao" pickable="false">      
        <MATERIAL id="leavesTreeMaterial" />    
        <TEXTURE id="grass" />                  

        <TRANSLATION x="-50" y="0.5" z="40" />
        <ROTATION axis="x" angle="-90" />
        <SCALE sx="20" sy="20" sz="20" />

        <DESCENDANTS>
            <LEAF  type="rectangle" args="0 4 5 0" />             
        </DESCENDANTS>
    </NODE>

    <!-- Street bench -->
    <NODE id="bancos" pickable="false">       
        <MATERIAL id="lightMaterial" />     
        <TEXTURE id="banco" />                  

        <TRANSLATION x="-12.5" y="4" z="6" />
        <ROTATION axis="y" angle="90" />
        <SCALE sx="1" sy="1.2" sz="1" />

        <DESCENDANTS>
            <NODEREF id="banco1" />          
            <NODEREF id="banco2" />         
        </DESCENDANTS>

    </NODE>

    <!-- One bench -->
    <NODE id="banco2" pickable="false">       
        <MATERIAL id="null" />     
        <TEXTURE id="null" />                   

        <TRANSLATION x="7.5" y="-2" z="21" />
        
        <DESCENDANTS>
            <NODEREF id="banco" /> 
        </DESCENDANTS>

    </NODE>

    <!-- Another bench -->
     <NODE id="banco1" pickable="false">      
        <MATERIAL id="null" />     
        <TEXTURE id="null" />                   

        <TRANSLATION x="7.5" y="-2" z="4" />

        <DESCENDANTS>
            <NODEREF id="banco" />      
        </DESCENDANTS>

    </NODE>


    <!-- Generic bench -->
    <NODE id="banco" pickable="false">       
        <MATERIAL id="null" />     
        <TEXTURE id="null" />       			

        <ROTATION axis="y" angle="90" />
        <SCALE sx="0.5" sy="0.5" sz="1.5" />
        
        <DESCENDANTS>
           <NODEREF id="faceCubo1" />
           <NODEREF id="faceCubo2" />
           <NODEREF id="faceCubo3" />
           <NODEREF id="faceCubo4" />
           <NODEREF id="faceCubo5" />
           <NODEREF id="faceCubo6" />      
       </DESCENDANTS>
   </NODE>

<!-- Cube -->
<NODE id="cubo" pickable="false">       
    <MATERIAL id="null" />     
    <TEXTURE id="null" />       			

    <DESCENDANTS>
       <NODEREF id="faceCubo1" />
       <NODEREF id="faceCubo2" />
       <NODEREF id="faceCubo3" />
       <NODEREF id="faceCubo4" />
       <NODEREF id="faceCubo5" />
       <NODEREF id="faceCubo6" />      
   </DESCENDANTS>
</NODE>

<!-- A cube face -->
<NODE id="faceCubo1" pickable="false">       
    <MATERIAL id="null" />     
    <TEXTURE id="null" />       			

    <TRANSLATION x="-2.5" y="-2.5" z="2.5" />

    <DESCENDANTS>
     <LEAF  type="rectangle" args="0 4 5 0" />        
 </DESCENDANTS>

</NODE>

<!-- Another cube face -->
<NODE id="faceCubo2" pickable="false">      
    <MATERIAL id="null" />     
    <TEXTURE id="null" />       			

    <TRANSLATION x="-2.5" y="-2.5" z="-2.5" />
    <ROTATION axis="y" angle="-90" />

    <DESCENDANTS>
       <LEAF  type="rectangle" args="0 4 5 0" />        
   </DESCENDANTS>

</NODE>

<!-- Another cube face -->
<NODE id="faceCubo3" pickable="false">       
    <MATERIAL id="null" />     
    <TEXTURE id="null" />       			

    <TRANSLATION x="2.5" y="-2.5" z="2.5" />
    <ROTATION axis="y" angle="90" />

    <DESCENDANTS>
       <LEAF  type="rectangle" args="0 4 5 0" />        
   </DESCENDANTS>

</NODE>

<!-- Another cube face -->
<NODE id="faceCubo4" pickable="false">       
    <MATERIAL id="null" />    
    <TEXTURE id="null" />       			

    <TRANSLATION x="2.5" y="-2.5" z="-2.5" />
    <ROTATION axis="y" angle="180" />

    <DESCENDANTS>
       <LEAF  type="rectangle" args="0 4 5 0" />        
   </DESCENDANTS>

</NODE>

<!-- Another cube face -->
<NODE id="faceCubo5" pickable="false">       
    <MATERIAL id="null" />    
    <TEXTURE id="null" />       			

    <ROTATION axis="x" angle="-90" />
    <TRANSLATION x="-2.5" y="-2.5" z="1.5" />
    <SCALE sx="1" sy="1.25" sz="1" />

    <DESCENDANTS>
      <LEAF  type="rectangle" args="0 4 5 0" />        
  </DESCENDANTS>

</NODE>

<!-- Another cube face -->
<NODE id="faceCubo6" pickable="false">       
    <MATERIAL id="null" />     
    <TEXTURE id="null" />       			

    <TRANSLATION x="-2.5" y="-2.5" z="-2.5" />
    <ROTATION axis="x" angle="90" />
    <SCALE sx="1" sy="1.25" sz="1" />

    <DESCENDANTS>
       <LEAF  type="rectangle" args="0 4 5 0" />        
   </DESCENDANTS>

</NODE>

<NODE id="cubo_board" pickable="false">
        <MATERIAL id="null" />     
        <TEXTURE id="null" />   
        
        <DESCENDANTS>
            <NODEREF id="faceCubo1_board" />
            <NODEREF id="faceCubo2_board" />
            <NODEREF id="faceCubo3_board" />
            <NODEREF id="faceCubo4_board" />
            <NODEREF id="faceCubo5_board" />
            <NODEREF id="faceCubo6_board" />      
        </DESCENDANTS>
    </NODE>

    <!-- A cube face -->
    <NODE id="faceCubo1_board" pickable="false">       
        <MATERIAL id="null" />     
        <TEXTURE id="null" />                   

        <TRANSLATION x="-2.5" y="-2.5" z="2.5" />

        <DESCENDANTS>
            <LEAF type="rectangle" args="0 4 5 0" />        
        </DESCENDANTS>

    </NODE>

    <!-- Another cube face -->
    <NODE id="faceCubo2_board" pickable="false">      
        <MATERIAL id="null" />     
        <TEXTURE id="null" />                   

        <TRANSLATION x="-2.5" y="-2.5" z="-2.5" />
        <ROTATION axis="y" angle="-90" />

        <DESCENDANTS>
            <LEAF  type="rectangle" args="0 4 5 0" />        
        </DESCENDANTS>

    </NODE>

    <!-- Another cube face -->
    <NODE id="faceCubo3_board" pickable="false">       
        <MATERIAL id="null" />     
        <TEXTURE id="null" />                   

        <TRANSLATION x="2.5" y="-2.5" z="2.5" />
        <ROTATION axis="y" angle="90" />

        <DESCENDANTS>
            <LEAF  type="rectangle" args="0 4 5 0" />        
        </DESCENDANTS>
    </NODE>

    <!-- Another cube face -->
    <NODE id="faceCubo4_board" pickable="false">       
        <MATERIAL id="null" />    
        <TEXTURE id="board" />                   

        <TRANSLATION x="2.5" y="-2.5" z="-2.5" />
        <ROTATION axis="y" angle="180" />

        <DESCENDANTS>
            <LEAF  type="rectangle" args="0 4 5 0" />        
        </DESCENDANTS>

    </NODE>

    <!-- Another cube face -->
    <NODE id="faceCubo5_board" pickable="false">       
        <MATERIAL id="null" />    
        <TEXTURE id="null" />                   

        <ROTATION axis="x" angle="-90" />
        <TRANSLATION x="-2.5" y="-2.5" z="1.5" />
        <SCALE sx="1" sy="1.25" sz="1" />

        <DESCENDANTS>
            <LEAF  type="rectangle" args="0 4 5 0" />        
        </DESCENDANTS>
    </NODE>

    <!-- Another cube face -->
    <NODE id="faceCubo6_board" pickable="false">       
        <MATERIAL id="null" />     
        <TEXTURE id="null" />                   

        <TRANSLATION x="-2.5" y="-2.5" z="-2.5" />
        <ROTATION axis="x" angle="90" />
        <SCALE sx="1" sy="1.25" sz="1" />

        <DESCENDANTS>
            <LEAF  type="rectangle" args="0 4 5 0" />        
        </DESCENDANTS>

    </NODE>

</NODES>

</SCENE>