    <SCENE>

        <!-- Initial values -->
        <INITIALS>
            <frustum near="0.1" far="500"/>                 
            <translation x="-1" y="1" z="0" />               
            <rotation axis="x" angle="0" />                
            <rotation axis="y" angle="0" />                
            <rotation axis="z" angle="0" />                
            <scale sx="0.15" sy="0.15" sz="0.15" />         
            <reference length="5" />                        
        </INITIALS>

        <!-- Illumination and clear colour -->
        <ILLUMINATION>
            <ambient r="0.2" g="0.2" b="0.2" a="1" />       
            <background r="0.1" g="0.1" b="0.2" a="1" />          
        </ILLUMINATION>


        <!-- Lights -->
        <LIGHTS>    
         <LIGHT id="light0">
            <enable value ="1" />                              
            <position  x="-5" y="12" z="25" w="1" />           
            <ambient r="0.0" g="0.0" b="0.0" a="1.0" />          
            <diffuse r="0.75" g="0.75" b="0.35" a="1.0" />
            <specular r="0.0" g="0.0" b="0.0" a="1.0" />
        </LIGHT>

        <LIGHT id="light1">                                    
            <enable value ="1" />                             
            <position  x="-7" y="12" z="33" w="1" />           
            <ambient r="0.0" g="0.0" b="0.0" a="1.0" />      
            <diffuse r="0.85" g="0.85" b="0.45" a="1.0" />
            <specular r="0.0" g="0.0" b="0.0" a="1.0" />
        </LIGHT>

        <LIGHT id="light2">                                    
            <enable value ="1" />                             
            <position  x="-7" y="12" z="38" w="1" />           
            <ambient r="0.0" g="0.0" b="0.0" a="1.0" />      
            <diffuse r="0.85" g="0.85" b="0.45" a="1.0" />
            <specular r="0.0" g="0.0" b="0.0" a="1.0" />
        </LIGHT>

        <LIGHT id="light3">                                   
            <enable value ="1" />                              
            <position x="13" y="15" z="16" w="1" />                
            <ambient r="0.3" g="0.25" b="0.25" a="1.0" />
            <diffuse r="0.65" g="0.6" b="0.6" a="1.0" />
            <specular r="0.0" g="0.0" b="0.0" a="1.0" />
        </LIGHT>

        <LIGHT id="light4">                                   
            <enable value ="1" />                              
            <position x="20" y="15" z="11.7" w="1" />                
            <ambient r="0.3" g="0.25" b="0.25" a="1.0" />
            <diffuse r="0.65" g="0.6" b="0.6" a="1.0" />
            <specular r="0.0" g="0.0" b="0.0" a="1.0" />  
        </LIGHT>

        <LIGHT id="light5">                                   
            <enable value ="1" />                              
            <position x="13" y="15" z="8" w="1" />                
            <ambient r="0.3" g="0.25" b="0.25" a="1.0" />
            <diffuse r="0.65" g="0.6" b="0.6" a="1.0" />>
            <specular r="0.0" g="0.0" b="0.0" a="1.0" />  
        </LIGHT>   

        <LIGHT id="light6">                                   
            <enable value ="1" />                              
            <position x="3" y="7" z="18" w="1" />                
            <ambient r="0.1" g="0.1" b="0.1" a="1.0" />
            <diffuse r="0.5" g="0.5" b="0.1" a="1.0" />>
            <specular r="0.0" g="0.0" b="0.0" a="1.0" />  
        </LIGHT>   

    </LIGHTS>

    <!-- Textures -->
<TEXTURES>

    <TEXTURE id="board">
        <file path="images/board.jpg" />               
        <amplif_factor s="5" t="4" />                           
    </TEXTURE>

</TEXTURES>

<MATERIALS>
    <!-- SteelMaterial material -->
    <MATERIAL id="steelMaterial">                    
        <shininess value="1" />
        <specular r="1" g="1" b="1" a="1" />        
        <diffuse r=".5" g=".5" b=".5" a="1" />        
        <ambient r="0.1" g="0.1" b="0.1" a="1" />         
        <emission r="0.3" g="0.3" b="0.3" a="1" />        
    </MATERIAL>

    <!-- A default material -->
    <MATERIAL id="defaultMaterial">                                  
        <shininess value="1" />
        <specular r="0.0" g="0.0" b="0.0" a="1" />        
        <diffuse r="0.4" g="0.4" b="0.4" a="1" />       
        <ambient r="0.4" g="0.4" b="0.4" a="1" />         
        <emission r="0.0" g="0.0" b="0.0" a="1" />        
    </MATERIAL>
</MATERIALS>


<!-- The leaves -->
<LEAVES>
</LEAVES>

<!-- The nodes -->
<NODES>

    <ROOT id="root" />     

    <!-- The root node -->
    <NODE id="root">       
        <MATERIAL id="defaultMaterial" />         
        <TEXTURE id="null" />  

        <DESCENDANTS>    
            <NODEREF id="boards" />
            <!--<NODEREF id="scenes" />-->
        </DESCENDANTS>
    </NODE>

    <NODE id="boards">
        <MATERIAL id="null" />         
        <TEXTURE id="null" />

        <DESCENDANTS>
            <NODEREF id="gameboard"/>
            <!--<NODEREF id="boardAuxBlack"/>
            <NODEREF id="boardAuxWhite"/>-->
        </DESCENDANTS>
    </NODE>

    <NODE id="gameboard">
        <MATERIAL id="null"/>
        <TEXTURE id="null"/>

        <DESCENDANTS>
            <NODEREF id="board" />
        </DESCENDANTS>
    </NODE>

    <NODE id="board">
        <MATERIAL id="null" />         
        <TEXTURE id="null" />

        <ROTATION axis="x" angle="90" />
        <SCALE sx="10" sy="8" sz="0.5" />

        <DESCENDANTS>
            <NODEREF id="cubo_board" />
        </DESCENDANTS>
    </NODE>

    <NODE id="pawn">
        <MATERIAL id="null"/>
        <TEXTURE id="null"/>

        <SCALE sx="0.25" sy="0.25" sz="0.25" />

        <DESCENDANTS>
            <LEAF type="pawn_primitive"/>
        </DESCENDANTS>
    </NODE>

    <NODE id="king">
        <MATERIAL id="null"/>
        <TEXTURE id="null"/>

        <SCALE sx="0.5" sy="0.5" sz="0.5" />

        <DESCENDANTS>
            <LEAF type="king_primitive" />
        </DESCENDANTS>
    </NODE>

<!--
    <NODE id="boardAuxBlack">
        <MATERIAL id="null" />         
        <TEXTURE id="null" />

        <DESCENDANTS>
            <LEAF type="rectangle" args="0 4 5 0" />
        </DESCENDANTS>
    </NODE>

    <NODE id="boardAuxWhite">
        <MATERIAL id="null" />         
        <TEXTURE id="null" />

        <DESCENDANTS>
            <LEAF type="rectangle" args="0 4 5 0" />
        </DESCENDANTS>
    </NODE>
-->


    <!-- SCENES -->
<!--
    <NODE id="scenes">
        <MATERIAL id="null" />         
        <TEXTURE id="null" />

        <DESCENDANTS>
            <NODEREF id="scene1"/>
        </DESCENDANTS>
    </NODE>

    <NODE id="scene1">
        <MATERIAL id="null" />         
        <TEXTURE id="null" />

        <TRANSLATION x="40" y="22" z="14" />
        
        <DESCENDANTS>
            <NODEREF id="cubo" />
        </DESCENDANTS>
    </NODE> -->

    <!--<NODE id="scene2">
        <MATERIAL id="null" />         
        <TEXTURE id="null" />

        <DESCENDANTS>
        </DESCENDANTS>
    </NODE>

    <NODE id="scene3">
        <MATERIAL id="null" />         
        <TEXTURE id="null" />

        <DESCENDANTS>
        </DESCENDANTS>
    </NODE>-->


   
<!--
    <NODE id="bola" selectable="true">
        <MATERIAL id="null" />    
        <TEXTURE id="soccer_ball" />  
 
        <TRANSLATION x="40" y="22" z="14" />

        <ANIMATIONREFS>
            <ANIMATIONREF id="animacaoBola" />
        </ANIMATIONREFS> 

        <DESCENDANTS>
            <LEAF id="sphere1" type="sphere" args="2 20 20" />
        </DESCENDANTS>
    </NODE>
-->
    <!-- Cube -->
    <NODE id="cubo_board" >
        <MATERIAL id="null" />     
        <TEXTURE id="null" />   
        
        <DESCENDANTS>
            <NODEREF id="faceCubo1_board" />
            <NODEREF id="faceCubo2_board" />
            <NODEREF id="faceCubo3_board" />
            <NODEREF id="faceCubo4_board" />
            <NODEREF id="faceCubo5_board" />
            <NODEREF id="faceCubo6_board" />      
        </DESCENDANTS>
    </NODE>

    <!-- A cube face -->
    <NODE id="faceCubo1_board">       
        <MATERIAL id="null" />     
        <TEXTURE id="null" />                   

        <TRANSLATION x="-2.5" y="-2.5" z="2.5" />

        <DESCENDANTS>
            <LEAF type="rectangle" args="0 4 5 0" />        
        </DESCENDANTS>

    </NODE>

    <!-- Another cube face -->
    <NODE id="faceCubo2_board">      
        <MATERIAL id="null" />     
        <TEXTURE id="null" />                   

        <TRANSLATION x="-2.5" y="-2.5" z="-2.5" />
        <ROTATION axis="y" angle="-90" />

        <DESCENDANTS>
            <LEAF  type="rectangle" args="0 4 5 0" />        
        </DESCENDANTS>

    </NODE>

    <!-- Another cube face -->
    <NODE id="faceCubo3_board">       
        <MATERIAL id="null" />     
        <TEXTURE id="null" />                   

        <TRANSLATION x="2.5" y="-2.5" z="2.5" />
        <ROTATION axis="y" angle="90" />

        <DESCENDANTS>
            <LEAF  type="rectangle" args="0 4 5 0" />        
        </DESCENDANTS>
    </NODE>

    <!-- Another cube face -->
    <NODE id="faceCubo4_board">       
        <MATERIAL id="null" />    
        <TEXTURE id="board" />                   

        <TRANSLATION x="2.5" y="-2.5" z="-2.5" />
        <ROTATION axis="y" angle="180" />

        <DESCENDANTS>
            <LEAF  type="rectangle" args="0 4 5 0" />        
        </DESCENDANTS>

    </NODE>

    <!-- Another cube face -->
    <NODE id="faceCubo5_board">       
        <MATERIAL id="null" />    
        <TEXTURE id="null" />                   

        <ROTATION axis="x" angle="-90" />
        <TRANSLATION x="-2.5" y="-2.5" z="1.5" />
        <SCALE sx="1" sy="1.25" sz="1" />

        <DESCENDANTS>
            <LEAF  type="rectangle" args="0 4 5 0" />        
        </DESCENDANTS>
    </NODE>

    <!-- Another cube face -->
    <NODE id="faceCubo6_board">       
        <MATERIAL id="null" />     
        <TEXTURE id="null" />                   

        <TRANSLATION x="-2.5" y="-2.5" z="-2.5" />
        <ROTATION axis="x" angle="90" />
        <SCALE sx="1" sy="1.25" sz="1" />

        <DESCENDANTS>
            <LEAF  type="rectangle" args="0 4 5 0" />        
        </DESCENDANTS>

    </NODE>

    <NODE id="cubo" >
        <MATERIAL id="null" />     
        <TEXTURE id="null" />   
        
        <DESCENDANTS>
            <NODEREF id="faceCubo1" />
            <NODEREF id="faceCubo2" />
            <NODEREF id="faceCubo3" />
            <NODEREF id="faceCubo4" />
            <NODEREF id="faceCubo5" />
            <NODEREF id="faceCubo6" />      
        </DESCENDANTS>
    </NODE>

    <!-- A cube face -->
    <NODE id="faceCubo1">       
        <MATERIAL id="null" />     
        <TEXTURE id="null" />                   

        <TRANSLATION x="-2.5" y="-2.5" z="2.5" />

        <DESCENDANTS>
            <LEAF type="rectangle" args="0 4 5 0" />        
        </DESCENDANTS>

    </NODE>

    <!-- Another cube face -->
    <NODE id="faceCubo2">      
        <MATERIAL id="null" />     
        <TEXTURE id="null" />                   

        <TRANSLATION x="-2.5" y="-2.5" z="-2.5" />
        <ROTATION axis="y" angle="-90" />

        <DESCENDANTS>
            <LEAF  type="rectangle" args="0 4 5 0" />        
        </DESCENDANTS>

    </NODE>

    <!-- Another cube face -->
    <NODE id="faceCubo3">       
        <MATERIAL id="null" />     
        <TEXTURE id="null" />                   

        <TRANSLATION x="2.5" y="-2.5" z="2.5" />
        <ROTATION axis="y" angle="90" />

        <DESCENDANTS>
            <LEAF  type="rectangle" args="0 4 5 0" />        
        </DESCENDANTS>
    </NODE>

    <!-- Another cube face -->
    <NODE id="faceCubo4">       
        <MATERIAL id="null" />    
        <TEXTURE id="null" />                   

        <TRANSLATION x="2.5" y="-2.5" z="-2.5" />
        <ROTATION axis="y" angle="180" />

        <DESCENDANTS>
            <LEAF  type="rectangle" args="0 4 5 0" />        
        </DESCENDANTS>

    </NODE>

    <!-- Another cube face -->
    <NODE id="faceCubo5">       
        <MATERIAL id="null" />    
        <TEXTURE id="null" />                   

        <ROTATION axis="x" angle="-90" />
        <TRANSLATION x="-2.5" y="-2.5" z="1.5" />
        <SCALE sx="1" sy="1.25" sz="1" />

        <DESCENDANTS>
            <LEAF  type="rectangle" args="0 4 5 0" />        
        </DESCENDANTS>
    </NODE>

    <!-- Another cube face -->
    <NODE id="faceCubo6">       
        <MATERIAL id="null" />     
        <TEXTURE id="null" />                   

        <TRANSLATION x="-2.5" y="-2.5" z="-2.5" />
        <ROTATION axis="x" angle="90" />
        <SCALE sx="1" sy="1.25" sz="1" />

        <DESCENDANTS>
            <LEAF  type="rectangle" args="0 4 5 0" />        
        </DESCENDANTS>

    </NODE>

</NODES>
<!--
<PIECES>
    <PIECE id="king">
        <MATERIAL id="null"/>
        <TEXTURE id="null"/>

        <DESCENDANTS>
            <NODEREF id="cubo" />
        </DESCENDANTS>
    </PIECE>

    <PIECE id="pawn">
        <MATERIAL id="null"/>
        <TEXTURE id="null"/>

        <DESCENDANTS>
            <NODEREF id="cubo" />
        </DESCENDANTS>
    </PIECE>
</PIECES>
-->

</SCENE>